case_id;activity;time;resource
0;Start trip;05.10.2016-00:00:00;EMPLOYEE
0;End trip;05.10.2016-00:00:00;EMPLOYEE
0;Permit SUBMITTED by EMPLOYEE;06.04.2017-13:32:10;EMPLOYEE
0;Permit FINAL_APPROVED by SUPERVISOR;06.04.2017-13:32:28;SUPERVISOR
0;Declaration SUBMITTED by EMPLOYEE;07.04.2017-13:38:14;EMPLOYEE
0;Declaration FINAL_APPROVED by SUPERVISOR;07.04.2017-13:40:17;SUPERVISOR
1;Start trip;21.11.2016-00:00:00;EMPLOYEE
1;End trip;22.12.2016-00:00:00;EMPLOYEE
1;Permit SUBMITTED by EMPLOYEE;28.02.2017-14:42:17;EMPLOYEE
1;Permit FINAL_APPROVED by SUPERVISOR;28.02.2017-14:42:22;SUPERVISOR
1;Declaration SUBMITTED by EMPLOYEE;07.03.2017-13:37:27;EMPLOYEE
1;Declaration FINAL_APPROVED by SUPERVISOR;07.03.2017-13:46:23;SUPERVISOR
2;Start trip;08.12.2016-00:00:00;EMPLOYEE
2;End trip;08.12.2016-00:00:00;EMPLOYEE
2;Permit SUBMITTED by EMPLOYEE;11.01.2017-20:14:49;EMPLOYEE
2;Permit FINAL_APPROVED by SUPERVISOR;11.01.2017-20:15:10;SUPERVISOR
2;Declaration SUBMITTED by EMPLOYEE;12.01.2017-11:54:55;EMPLOYEE
2;Declaration FINAL_APPROVED by SUPERVISOR;12.01.2017-12:01:06;SUPERVISOR
3;Start trip;12.12.2016-00:00:00;EMPLOYEE
3;End trip;02.01.2017-00:00:00;EMPLOYEE
3;Permit SAVED by EMPLOYEE;07.02.2017-16:08:44;EMPLOYEE
4;Start trip;01.01.2017-00:00:00;EMPLOYEE
4;Permit SUBMITTED by EMPLOYEE;11.01.2017-12:56:01;EMPLOYEE
4;Permit APPROVED by SUPERVISOR;11.01.2017-12:56:04;SUPERVISOR
4;Permit FINAL_APPROVED by DIRECTOR;12.01.2017-10:56:40;DIRECTOR
4;Declaration SUBMITTED by EMPLOYEE;19.01.2017-18:25:59;EMPLOYEE
4;Declaration APPROVED by PRE_APPROVER;19.01.2017-18:26:12;PRE_APPROVER
4;Declaration SUBMITTED by EMPLOYEE;19.01.2017-18:31:04;EMPLOYEE
4;Declaration APPROVED by PRE_APPROVER;19.01.2017-18:31:07;PRE_APPROVER
4;Declaration SUBMITTED by EMPLOYEE;19.01.2017-18:38:41;EMPLOYEE
4;Declaration APPROVED by PRE_APPROVER;19.01.2017-18:38:45;PRE_APPROVER
4;Declaration FINAL_APPROVED by SUPERVISOR;23.01.2017-09:02:29;SUPERVISOR
4;Declaration FINAL_APPROVED by SUPERVISOR;23.01.2017-09:04:49;SUPERVISOR
4;Declaration FINAL_APPROVED by SUPERVISOR;23.01.2017-09:05:04;SUPERVISOR
4;Declaration SUBMITTED by EMPLOYEE;17.02.2017-10:23:41;EMPLOYEE
4;Declaration APPROVED by PRE_APPROVER;17.02.2017-10:23:47;PRE_APPROVER
4;Declaration FINAL_APPROVED by SUPERVISOR;17.02.2017-11:32:14;SUPERVISOR
4;Declaration SUBMITTED by EMPLOYEE;10.03.2017-13:30:02;EMPLOYEE
4;Declaration APPROVED by PRE_APPROVER;10.03.2017-13:30:39;PRE_APPROVER
4;Declaration SUBMITTED by EMPLOYEE;10.03.2017-13:43:14;EMPLOYEE
4;Declaration APPROVED by PRE_APPROVER;10.03.2017-13:43:27;PRE_APPROVER
4;Declaration FINAL_APPROVED by SUPERVISOR;13.03.2017-11:55:56;SUPERVISOR
4;Declaration FINAL_APPROVED by SUPERVISOR;13.03.2017-11:57:18;SUPERVISOR
4;Declaration SUBMITTED by EMPLOYEE;31.03.2017-16:57:59;EMPLOYEE
4;Declaration APPROVED by PRE_APPROVER;31.03.2017-17:01:06;PRE_APPROVER
4;Declaration SUBMITTED by EMPLOYEE;31.03.2017-17:15:58;EMPLOYEE
4;Declaration APPROVED by PRE_APPROVER;31.03.2017-17:16:10;PRE_APPROVER
4;Declaration FINAL_APPROVED by SUPERVISOR;03.04.2017-10:32:17;SUPERVISOR
4;Declaration FINAL_APPROVED by SUPERVISOR;03.04.2017-10:33:55;SUPERVISOR
4;Declaration SUBMITTED by EMPLOYEE;13.10.2017-17:42:03;EMPLOYEE
4;Declaration SUBMITTED by EMPLOYEE;13.10.2017-18:02:08;EMPLOYEE
4;Declaration APPROVED by PRE_APPROVER;13.10.2017-18:02:21;PRE_APPROVER
4;Declaration FINAL_APPROVED by SUPERVISOR;16.10.2017-11:39:50;SUPERVISOR
4;Declaration APPROVED by PRE_APPROVER;16.10.2017-12:37:38;PRE_APPROVER
4;Declaration SUBMITTED by EMPLOYEE;16.10.2017-12:48:18;EMPLOYEE
4;Declaration APPROVED by PRE_APPROVER;16.10.2017-12:48:25;PRE_APPROVER
4;Declaration SUBMITTED by EMPLOYEE;16.10.2017-13:03:05;EMPLOYEE
4;Declaration APPROVED by PRE_APPROVER;16.10.2017-13:03:23;PRE_APPROVER
4;Declaration SUBMITTED by EMPLOYEE;16.10.2017-13:07:24;EMPLOYEE
4;Declaration APPROVED by PRE_APPROVER;16.10.2017-13:07:36;PRE_APPROVER
4;Declaration FINAL_APPROVED by SUPERVISOR;16.10.2017-14:53:32;SUPERVISOR
4;Declaration FINAL_APPROVED by SUPERVISOR;16.10.2017-14:56:28;SUPERVISOR
4;Declaration FINAL_APPROVED by SUPERVISOR;16.10.2017-14:59:33;SUPERVISOR
4;Declaration FINAL_APPROVED by SUPERVISOR;16.10.2017-15:01:07;SUPERVISOR
4;Declaration SUBMITTED by EMPLOYEE;16.10.2017-15:24:42;EMPLOYEE
4;Declaration APPROVED by PRE_APPROVER;16.10.2017-15:25:01;PRE_APPROVER
4;Declaration SUBMITTED by EMPLOYEE;16.10.2017-15:42:05;EMPLOYEE
4;Declaration APPROVED by PRE_APPROVER;16.10.2017-15:42:16;PRE_APPROVER
4;Declaration FINAL_APPROVED by SUPERVISOR;16.10.2017-15:48:16;SUPERVISOR
4;Declaration FINAL_APPROVED by SUPERVISOR;16.10.2017-15:51:37;SUPERVISOR
4;Declaration SUBMITTED by EMPLOYEE;10.12.2017-11:15:46;EMPLOYEE
4;Declaration APPROVED by PRE_APPROVER;10.12.2017-11:15:57;PRE_APPROVER
4;Declaration FINAL_APPROVED by SUPERVISOR;11.12.2017-11:33:07;SUPERVISOR
4;End trip;31.12.2017-00:00:00;EMPLOYEE
4;Declaration SUBMITTED by EMPLOYEE;12.01.2018-12:38:18;EMPLOYEE
4;Declaration APPROVED by ADMINISTRATION;12.01.2018-12:38:24;ADMINISTRATION
4;Declaration FINAL_APPROVED by SUPERVISOR;15.01.2018-11:58:19;SUPERVISOR
5;Start trip;09.01.2017-00:00:00;EMPLOYEE
5;End trip;11.01.2017-00:00:00;EMPLOYEE
5;Permit SUBMITTED by EMPLOYEE;23.01.2017-12:12:42;EMPLOYEE
5;Permit APPROVED by PRE_APPROVER;23.01.2017-12:12:45;PRE_APPROVER
5;Permit FINAL_APPROVED by SUPERVISOR;23.01.2017-12:19:11;SUPERVISOR
5;Declaration SUBMITTED by EMPLOYEE;28.01.2017-18:21:04;EMPLOYEE
5;Declaration REJECTED by PRE_APPROVER;28.01.2017-18:21:13;PRE_APPROVER
5;Declaration REJECTED by EMPLOYEE;30.01.2017-12:32:00;EMPLOYEE
5;Declaration SUBMITTED by EMPLOYEE;01.02.2017-19:55:37;EMPLOYEE
5;Declaration APPROVED by PRE_APPROVER;01.02.2017-19:55:42;PRE_APPROVER
5;Declaration FINAL_APPROVED by SUPERVISOR;06.02.2017-11:12:23;SUPERVISOR
6;Permit SUBMITTED by EMPLOYEE;09.01.2017-10:28:04;EMPLOYEE
6;Permit FINAL_APPROVED by SUPERVISOR;09.01.2017-10:28:08;SUPERVISOR
6;Start trip;15.01.2017-00:00:00;EMPLOYEE
6;End trip;21.01.2017-00:00:00;EMPLOYEE
6;Declaration SAVED by EMPLOYEE;23.01.2017-09:15:14;EMPLOYEE
7;Permit SUBMITTED by EMPLOYEE;09.01.2017-11:21:03;EMPLOYEE
7;Permit FINAL_APPROVED by SUPERVISOR;09.01.2017-11:21:22;SUPERVISOR
7;Start trip;16.01.2017-00:00:00;EMPLOYEE
7;End trip;19.01.2017-00:00:00;EMPLOYEE
7;Declaration SUBMITTED by EMPLOYEE;30.01.2017-13:56:18;EMPLOYEE
7;Declaration APPROVED by PRE_APPROVER;30.01.2017-14:28:33;PRE_APPROVER
7;Declaration FINAL_APPROVED by SUPERVISOR;31.01.2017-09:20:13;SUPERVISOR
8;Permit SUBMITTED by EMPLOYEE;09.01.2017-11:45:18;EMPLOYEE
8;Permit FINAL_APPROVED by SUPERVISOR;09.01.2017-11:45:21;SUPERVISOR
8;Start trip;17.01.2017-00:00:00;EMPLOYEE
8;End trip;22.01.2017-00:00:00;EMPLOYEE
9;Permit SUBMITTED by EMPLOYEE;09.01.2017-13:57:21;EMPLOYEE
9;Permit FINAL_APPROVED by SUPERVISOR;09.01.2017-13:57:25;SUPERVISOR
9;Start trip;14.01.2017-00:00:00;EMPLOYEE
9;End trip;19.01.2017-00:00:00;EMPLOYEE
9;Declaration SUBMITTED by EMPLOYEE;22.02.2017-14:47:54;EMPLOYEE
9;Declaration FINAL_APPROVED by SUPERVISOR;22.02.2017-14:55:31;SUPERVISOR
10;Permit SUBMITTED by EMPLOYEE;09.01.2017-13:59:13;EMPLOYEE
10;Permit FINAL_APPROVED by SUPERVISOR;09.01.2017-13:59:15;SUPERVISOR
10;Start trip;30.01.2017-00:00:00;EMPLOYEE
10;End trip;31.01.2017-00:00:00;EMPLOYEE
10;Declaration SUBMITTED by EMPLOYEE;22.02.2017-14:58:02;EMPLOYEE
10;Declaration FINAL_APPROVED by SUPERVISOR;22.02.2017-14:58:06;SUPERVISOR
11;Permit SUBMITTED by EMPLOYEE;09.01.2017-14:48:43;EMPLOYEE
11;Permit FINAL_APPROVED by SUPERVISOR;09.01.2017-14:48:55;SUPERVISOR
11;Request For Payment SUBMITTED by EMPLOYEE;12.01.2017-11:40:27;EMPLOYEE
11;Request For Payment FINAL_APPROVED by SUPERVISOR;12.01.2017-11:41:59;SUPERVISOR
11;Request For Payment REJECTED by MISSING;12.01.2017-11:53:07;MISSING
11;Request For Payment SUBMITTED by EMPLOYEE;19.01.2017-18:47:18;EMPLOYEE
11;Request For Payment FINAL_APPROVED by SUPERVISOR;19.01.2017-18:47:21;SUPERVISOR
11;Start trip;01.04.2017-00:00:00;EMPLOYEE
11;End trip;06.04.2017-00:00:00;EMPLOYEE
11;Permit REJECTED by MISSING;28.07.2017-10:10:18;MISSING
12;Permit SUBMITTED by EMPLOYEE;09.01.2017-15:48:51;EMPLOYEE
12;Permit FINAL_APPROVED by SUPERVISOR;09.01.2017-15:49:21;SUPERVISOR
12;Start trip;12.01.2017-00:00:00;EMPLOYEE
12;End trip;12.01.2017-00:00:00;EMPLOYEE
12;Declaration SUBMITTED by EMPLOYEE;14.02.2017-16:06:09;EMPLOYEE
12;Declaration FINAL_APPROVED by SUPERVISOR;14.02.2017-16:11:48;SUPERVISOR
13;Permit SUBMITTED by EMPLOYEE;09.01.2017-16:11:10;EMPLOYEE
13;Permit FINAL_APPROVED by SUPERVISOR;09.01.2017-16:11:13;SUPERVISOR
13;Start trip;22.02.2017-00:00:00;EMPLOYEE
13;End trip;24.02.2017-00:00:00;EMPLOYEE
13;Declaration SUBMITTED by EMPLOYEE;06.03.2017-16:22:50;EMPLOYEE
13;Declaration APPROVED by PRE_APPROVER;06.03.2017-16:32:58;PRE_APPROVER
13;Declaration FINAL_APPROVED by SUPERVISOR;07.03.2017-09:03:38;SUPERVISOR
14;Permit SUBMITTED by EMPLOYEE;09.01.2017-16:23:22;EMPLOYEE
14;Permit FINAL_APPROVED by SUPERVISOR;09.01.2017-16:23:31;SUPERVISOR
14;Start trip;06.02.2017-00:00:00;EMPLOYEE
14;End trip;09.02.2017-00:00:00;EMPLOYEE
14;Declaration SUBMITTED by EMPLOYEE;09.02.2017-18:10:10;EMPLOYEE
14;Declaration FINAL_APPROVED by SUPERVISOR;09.02.2017-18:10:14;SUPERVISOR
15;Permit SUBMITTED by EMPLOYEE;09.01.2017-16:28:30;EMPLOYEE
15;Permit FINAL_APPROVED by SUPERVISOR;09.01.2017-16:28:48;SUPERVISOR
15;Start trip;06.02.2017-00:00:00;EMPLOYEE
15;End trip;09.02.2017-00:00:00;EMPLOYEE
15;Declaration SUBMITTED by EMPLOYEE;10.02.2017-12:02:32;EMPLOYEE
15;Declaration FINAL_APPROVED by SUPERVISOR;10.02.2017-12:22:30;SUPERVISOR
16;Start trip;10.01.2017-00:00:00;EMPLOYEE
16;End trip;11.01.2017-00:00:00;EMPLOYEE
16;Permit SUBMITTED by EMPLOYEE;13.01.2017-18:39:46;EMPLOYEE
16;Permit FINAL_APPROVED by SUPERVISOR;13.01.2017-18:39:51;SUPERVISOR
16;Declaration SUBMITTED by EMPLOYEE;23.02.2017-22:00:28;EMPLOYEE
16;Declaration FINAL_APPROVED by SUPERVISOR;23.02.2017-22:00:37;SUPERVISOR
17;Permit SUBMITTED by EMPLOYEE;10.01.2017-08:19:45;EMPLOYEE
17;Permit FINAL_APPROVED by SUPERVISOR;10.01.2017-08:19:48;SUPERVISOR
17;Start trip;19.01.2017-00:00:00;EMPLOYEE
17;End trip;20.01.2017-00:00:00;EMPLOYEE
17;Declaration SUBMITTED by EMPLOYEE;24.01.2017-09:18:42;EMPLOYEE
17;Declaration FINAL_APPROVED by SUPERVISOR;24.01.2017-09:18:56;SUPERVISOR
18;Permit SUBMITTED by EMPLOYEE;10.01.2017-10:32:45;EMPLOYEE
18;Permit FINAL_APPROVED by SUPERVISOR;10.01.2017-10:36:24;SUPERVISOR
18;Start trip;22.02.2017-00:00:00;EMPLOYEE
18;End trip;26.02.2017-00:00:00;EMPLOYEE
18;Declaration SUBMITTED by EMPLOYEE;01.03.2017-18:58:02;EMPLOYEE
18;Declaration APPROVED by PRE_APPROVER;07.03.2017-11:23:20;PRE_APPROVER
18;Declaration FINAL_APPROVED by SUPERVISOR;07.03.2017-12:28:43;SUPERVISOR
19;Permit SUBMITTED by EMPLOYEE;10.01.2017-10:48:36;EMPLOYEE
19;Permit APPROVED by SUPERVISOR;10.01.2017-10:48:45;SUPERVISOR
19;Permit FINAL_APPROVED by DIRECTOR;16.01.2017-12:17:26;DIRECTOR
19;Start trip;18.02.2017-00:00:00;EMPLOYEE
19;End trip;21.04.2017-00:00:00;EMPLOYEE
19;Declaration SUBMITTED by EMPLOYEE;24.04.2017-16:33:03;EMPLOYEE
19;Permit REJECTED by MISSING;09.05.2017-10:27:43;MISSING
19;Permit SUBMITTED by EMPLOYEE;12.06.2017-16:24:06;EMPLOYEE
19;Permit APPROVED by PRE_APPROVER;12.06.2017-16:24:10;PRE_APPROVER
19;Permit FINAL_APPROVED by SUPERVISOR;12.06.2017-16:25:53;SUPERVISOR
19;Declaration APPROVED by PRE_APPROVER;17.07.2017-09:44:00;PRE_APPROVER
19;Declaration FINAL_APPROVED by SUPERVISOR;17.07.2017-17:45:21;SUPERVISOR
19;Declaration SUBMITTED by EMPLOYEE;19.07.2017-11:38:49;EMPLOYEE
19;Declaration APPROVED by PRE_APPROVER;25.07.2017-15:24:46;PRE_APPROVER
19;Declaration FINAL_APPROVED by SUPERVISOR;25.07.2017-15:34:42;SUPERVISOR
20;Permit SUBMITTED by EMPLOYEE;10.01.2017-11:19:16;EMPLOYEE
20;Permit APPROVED by SUPERVISOR;10.01.2017-11:19:23;SUPERVISOR
20;Permit FINAL_APPROVED by DIRECTOR;10.01.2017-14:56:18;DIRECTOR
20;Request For Payment SUBMITTED by EMPLOYEE;30.01.2017-12:37:40;EMPLOYEE
20;Request For Payment FINAL_APPROVED by SUPERVISOR;30.01.2017-12:40:57;SUPERVISOR
20;Start trip;09.07.2017-00:00:00;EMPLOYEE
20;End trip;14.07.2017-00:00:00;EMPLOYEE
20;Declaration SUBMITTED by EMPLOYEE;17.07.2017-09:13:09;EMPLOYEE
20;Declaration FINAL_APPROVED by SUPERVISOR;17.07.2017-09:20:04;SUPERVISOR
21;Permit SUBMITTED by EMPLOYEE;10.01.2017-11:34:01;EMPLOYEE
21;Permit APPROVED by SUPERVISOR;10.01.2017-11:34:09;SUPERVISOR
21;Permit FINAL_APPROVED by DIRECTOR;12.01.2017-10:56:40;DIRECTOR
21;Request For Payment SUBMITTED by EMPLOYEE;13.01.2017-11:23:25;EMPLOYEE
21;Request For Payment FINAL_APPROVED by SUPERVISOR;13.01.2017-11:24:18;SUPERVISOR
21;Permit REJECTED by MISSING;24.02.2017-12:50:45;MISSING
21;Start trip;01.04.2017-00:00:00;EMPLOYEE
21;End trip;07.04.2017-00:00:00;EMPLOYEE
22;Permit SUBMITTED by EMPLOYEE;10.01.2017-12:09:28;EMPLOYEE
22;Permit APPROVED by PRE_APPROVER;10.01.2017-12:09:31;PRE_APPROVER
22;Permit FINAL_APPROVED by SUPERVISOR;10.01.2017-15:24:45;SUPERVISOR
22;Start trip;11.01.2017-00:00:00;EMPLOYEE
22;End trip;13.01.2017-00:00:00;EMPLOYEE
22;Declaration SUBMITTED by EMPLOYEE;16.01.2017-18:30:18;EMPLOYEE
22;Declaration REJECTED by PRE_APPROVER;16.01.2017-18:30:34;PRE_APPROVER
22;Declaration REJECTED by EMPLOYEE;17.01.2017-11:30:05;EMPLOYEE
22;Declaration SUBMITTED by EMPLOYEE;17.01.2017-13:29:08;EMPLOYEE
22;Declaration APPROVED by PRE_APPROVER;17.01.2017-13:29:12;PRE_APPROVER
22;Declaration FINAL_APPROVED by SUPERVISOR;18.01.2017-09:32:51;SUPERVISOR
23;Permit SUBMITTED by EMPLOYEE;10.01.2017-14:25:29;EMPLOYEE
23;Permit REJECTED by SUPERVISOR;10.01.2017-14:30:31;SUPERVISOR
23;Permit REJECTED by EMPLOYEE;11.01.2017-09:33:17;EMPLOYEE
23;Permit SUBMITTED by EMPLOYEE;11.01.2017-11:40:05;EMPLOYEE
23;Permit FINAL_APPROVED by SUPERVISOR;11.01.2017-11:40:12;SUPERVISOR
23;Start trip;22.02.2017-00:00:00;EMPLOYEE
23;End trip;26.02.2017-00:00:00;EMPLOYEE
23;Permit REJECTED by MISSING;08.05.2017-16:23:55;MISSING
24;Permit SUBMITTED by EMPLOYEE;11.01.2017-12:09:56;EMPLOYEE
24;Permit FINAL_APPROVED by SUPERVISOR;11.01.2017-12:10:01;SUPERVISOR
24;Start trip;20.02.2017-00:00:00;EMPLOYEE
24;End trip;24.02.2017-00:00:00;EMPLOYEE
24;Declaration SUBMITTED by EMPLOYEE;30.03.2017-15:00:09;EMPLOYEE
24;Declaration FINAL_APPROVED by SUPERVISOR;30.03.2017-15:00:24;SUPERVISOR
25;Permit SUBMITTED by EMPLOYEE;11.01.2017-12:36:23;EMPLOYEE
25;Permit FINAL_APPROVED by SUPERVISOR;11.01.2017-12:36:25;SUPERVISOR
25;Request For Payment SUBMITTED by EMPLOYEE;17.01.2017-17:19:43;EMPLOYEE
25;Request For Payment FINAL_APPROVED by SUPERVISOR;17.01.2017-17:19:57;SUPERVISOR
25;Start trip;17.02.2017-00:00:00;EMPLOYEE
25;End trip;26.02.2017-00:00:00;EMPLOYEE
25;Declaration SUBMITTED by EMPLOYEE;27.02.2017-14:24:16;EMPLOYEE
25;Declaration REJECTED by PRE_APPROVER;27.02.2017-14:24:24;PRE_APPROVER
25;Declaration REJECTED by EMPLOYEE;01.03.2017-12:04:34;EMPLOYEE
25;Declaration SUBMITTED by EMPLOYEE;01.03.2017-17:21:44;EMPLOYEE
25;Declaration APPROVED by PRE_APPROVER;01.03.2017-17:21:49;PRE_APPROVER
25;Declaration FINAL_APPROVED by SUPERVISOR;02.03.2017-08:47:28;SUPERVISOR
26;Permit SUBMITTED by EMPLOYEE;11.01.2017-13:30:51;EMPLOYEE
26;Permit FINAL_APPROVED by SUPERVISOR;11.01.2017-13:30:57;SUPERVISOR
26;Request For Payment SUBMITTED by EMPLOYEE;06.04.2017-16:05:59;EMPLOYEE
26;Request For Payment FINAL_APPROVED by SUPERVISOR;06.04.2017-16:07:49;SUPERVISOR
26;Start trip;24.05.2017-00:00:00;EMPLOYEE
26;End trip;28.05.2017-00:00:00;EMPLOYEE
26;Declaration SUBMITTED by EMPLOYEE;15.06.2017-14:33:50;EMPLOYEE
26;Declaration FINAL_APPROVED by SUPERVISOR;15.06.2017-14:34:17;SUPERVISOR
27;Permit SUBMITTED by EMPLOYEE;11.01.2017-13:48:46;EMPLOYEE
27;Permit FINAL_APPROVED by SUPERVISOR;11.01.2017-13:48:57;SUPERVISOR
27;Request For Payment SUBMITTED by EMPLOYEE;06.04.2017-15:53:45;EMPLOYEE
27;Request For Payment APPROVED by PRE_APPROVER;06.04.2017-16:19:05;PRE_APPROVER
27;Request For Payment FINAL_APPROVED by SUPERVISOR;11.04.2017-17:25:08;SUPERVISOR
27;Start trip;15.07.2017-00:00:00;EMPLOYEE
27;End trip;23.07.2017-00:00:00;EMPLOYEE
27;Declaration SUBMITTED by EMPLOYEE;07.08.2017-10:08:51;EMPLOYEE
27;Declaration APPROVED by PRE_APPROVER;07.08.2017-10:13:12;PRE_APPROVER
27;Declaration FINAL_APPROVED by SUPERVISOR;08.08.2017-14:03:00;SUPERVISOR
28;Permit SUBMITTED by EMPLOYEE;11.01.2017-17:25:24;EMPLOYEE
28;Permit APPROVED by SUPERVISOR;11.01.2017-17:25:37;SUPERVISOR
28;Permit FINAL_APPROVED by DIRECTOR;12.01.2017-10:56:40;DIRECTOR
28;Request For Payment SUBMITTED by EMPLOYEE;27.03.2017-15:44:15;EMPLOYEE
28;Request For Payment APPROVED by PRE_APPROVER;27.03.2017-15:44:23;PRE_APPROVER
28;Request For Payment FINAL_APPROVED by SUPERVISOR;29.03.2017-10:29:46;SUPERVISOR
28;Request For Payment SUBMITTED by EMPLOYEE;16.05.2017-16:28:41;EMPLOYEE
28;Request For Payment APPROVED by PRE_APPROVER;16.05.2017-16:28:59;PRE_APPROVER
28;Request For Payment FINAL_APPROVED by SUPERVISOR;18.05.2017-09:18:31;SUPERVISOR
28;Start trip;24.06.2017-00:00:00;EMPLOYEE
28;End trip;30.06.2017-00:00:00;EMPLOYEE
28;Declaration SUBMITTED by EMPLOYEE;03.07.2017-09:55:22;EMPLOYEE
28;Declaration APPROVED by PRE_APPROVER;03.07.2017-10:31:55;PRE_APPROVER
28;Declaration FINAL_APPROVED by SUPERVISOR;03.07.2017-11:13:25;SUPERVISOR
29;Permit SUBMITTED by EMPLOYEE;11.01.2017-18:02:47;EMPLOYEE
29;Permit FINAL_APPROVED by SUPERVISOR;11.01.2017-18:04:54;SUPERVISOR
29;Request For Payment SUBMITTED by EMPLOYEE;07.03.2017-09:22:00;EMPLOYEE
29;Request For Payment APPROVED by PRE_APPROVER;07.03.2017-09:22:48;PRE_APPROVER
29;Request For Payment FINAL_APPROVED by SUPERVISOR;13.03.2017-11:30:21;SUPERVISOR
29;Start trip;21.05.2017-00:00:00;EMPLOYEE
29;End trip;24.05.2017-00:00:00;EMPLOYEE
29;Declaration SUBMITTED by EMPLOYEE;02.06.2017-13:50:38;EMPLOYEE
29;Declaration APPROVED by PRE_APPROVER;02.06.2017-13:50:52;PRE_APPROVER
29;Declaration FINAL_APPROVED by SUPERVISOR;05.06.2017-08:14:06;SUPERVISOR
30;Permit SUBMITTED by EMPLOYEE;11.01.2017-21:55:13;EMPLOYEE
30;Permit FINAL_APPROVED by SUPERVISOR;11.01.2017-21:55:18;SUPERVISOR
30;Start trip;12.01.2017-00:00:00;EMPLOYEE
30;End trip;20.01.2017-00:00:00;EMPLOYEE
30;Declaration SUBMITTED by EMPLOYEE;22.02.2017-18:08:07;EMPLOYEE
30;Declaration FINAL_APPROVED by SUPERVISOR;22.02.2017-18:14:32;SUPERVISOR
31;Permit SUBMITTED by EMPLOYEE;12.01.2017-09:17:36;EMPLOYEE
31;Permit FINAL_APPROVED by SUPERVISOR;12.01.2017-09:17:40;SUPERVISOR
31;Start trip;10.02.2017-00:00:00;EMPLOYEE
31;End trip;13.02.2017-00:00:00;EMPLOYEE
31;Declaration SUBMITTED by EMPLOYEE;25.04.2017-14:33:58;EMPLOYEE
31;Declaration FINAL_APPROVED by SUPERVISOR;25.04.2017-14:50:33;SUPERVISOR
31;Declaration REJECTED by MISSING;04.05.2017-15:23:21;MISSING
31;Declaration SUBMITTED by EMPLOYEE;04.05.2017-15:30:32;EMPLOYEE
31;Declaration FINAL_APPROVED by SUPERVISOR;04.05.2017-15:35:38;SUPERVISOR
32;Permit SUBMITTED by EMPLOYEE;12.01.2017-09:42:27;EMPLOYEE
32;Permit APPROVED by SUPERVISOR;12.01.2017-09:42:31;SUPERVISOR
32;Start trip;15.01.2017-00:00:00;EMPLOYEE
32;End trip;20.01.2017-00:00:00;EMPLOYEE
32;Permit FINAL_APPROVED by DIRECTOR;24.01.2017-08:15:14;DIRECTOR
32;Declaration SUBMITTED by EMPLOYEE;30.01.2017-11:20:42;EMPLOYEE
32;Declaration FINAL_APPROVED by SUPERVISOR;30.01.2017-13:17:20;SUPERVISOR
33;Permit SUBMITTED by EMPLOYEE;12.01.2017-10:51:30;EMPLOYEE
33;Permit FINAL_APPROVED by SUPERVISOR;12.01.2017-10:51:32;SUPERVISOR
33;Start trip;02.02.2017-00:00:00;EMPLOYEE
33;End trip;04.02.2017-00:00:00;EMPLOYEE
33;Declaration SUBMITTED by EMPLOYEE;06.02.2017-12:55:27;EMPLOYEE
33;Declaration FINAL_APPROVED by SUPERVISOR;06.02.2017-12:55:30;SUPERVISOR
34;Permit SUBMITTED by EMPLOYEE;12.01.2017-10:54:18;EMPLOYEE
34;Permit FINAL_APPROVED by SUPERVISOR;12.01.2017-10:54:21;SUPERVISOR
34;Start trip;09.02.2017-00:00:00;EMPLOYEE
34;End trip;11.02.2017-00:00:00;EMPLOYEE
34;Declaration SUBMITTED by EMPLOYEE;13.02.2017-07:58:34;EMPLOYEE
34;Declaration FINAL_APPROVED by SUPERVISOR;13.02.2017-07:58:38;SUPERVISOR
35;Permit SUBMITTED by EMPLOYEE;12.01.2017-10:56:03;EMPLOYEE
35;Permit FINAL_APPROVED by SUPERVISOR;12.01.2017-10:56:05;SUPERVISOR
35;Start trip;24.01.2017-00:00:00;EMPLOYEE
35;End trip;24.01.2017-00:00:00;EMPLOYEE
35;Declaration SUBMITTED by EMPLOYEE;25.01.2017-13:21:29;EMPLOYEE
35;Declaration FINAL_APPROVED by SUPERVISOR;25.01.2017-13:21:34;SUPERVISOR
36;Permit SUBMITTED by EMPLOYEE;12.01.2017-11:03:23;EMPLOYEE
36;Permit APPROVED by SUPERVISOR;12.01.2017-11:03:35;SUPERVISOR
36;Permit FINAL_APPROVED by DIRECTOR;16.01.2017-15:22:57;DIRECTOR
36;Start trip;07.07.2017-00:00:00;EMPLOYEE
36;End trip;16.07.2017-00:00:00;EMPLOYEE
36;Declaration SUBMITTED by EMPLOYEE;24.08.2017-15:44:37;EMPLOYEE
36;Declaration APPROVED by SUPERVISOR;24.08.2017-16:37:02;SUPERVISOR
36;Declaration FINAL_APPROVED by DIRECTOR;05.09.2017-09:05:16;DIRECTOR
37;Permit SUBMITTED by EMPLOYEE;12.01.2017-11:28:03;EMPLOYEE
37;Permit APPROVED by SUPERVISOR;12.01.2017-11:28:06;SUPERVISOR
37;Permit FINAL_APPROVED by DIRECTOR;17.01.2017-18:19:58;DIRECTOR
37;Start trip;26.04.2017-00:00:00;EMPLOYEE
37;End trip;04.05.2017-00:00:00;EMPLOYEE
37;Declaration SUBMITTED by EMPLOYEE;28.07.2017-16:49:18;EMPLOYEE
37;Declaration APPROVED by PRE_APPROVER;28.07.2017-17:03:18;PRE_APPROVER
37;Declaration APPROVED by SUPERVISOR;04.08.2017-05:15:01;SUPERVISOR
37;Declaration FINAL_APPROVED by DIRECTOR;05.08.2017-11:13:30;DIRECTOR
37;Declaration REJECTED by MISSING;09.08.2017-12:34:35;MISSING
37;Declaration SUBMITTED by EMPLOYEE;09.08.2017-13:44:21;EMPLOYEE
37;Declaration APPROVED by PRE_APPROVER;09.08.2017-13:44:29;PRE_APPROVER
37;Declaration APPROVED by SUPERVISOR;09.08.2017-15:46:39;SUPERVISOR
37;Declaration FINAL_APPROVED by DIRECTOR;10.08.2017-07:07:10;DIRECTOR
38;Permit SUBMITTED by EMPLOYEE;12.01.2017-16:05:13;EMPLOYEE
38;Permit FINAL_APPROVED by SUPERVISOR;12.01.2017-16:05:20;SUPERVISOR
38;Start trip;21.02.2017-00:00:00;EMPLOYEE
38;End trip;26.02.2017-00:00:00;EMPLOYEE
38;Declaration SUBMITTED by EMPLOYEE;06.03.2017-11:30:49;EMPLOYEE
38;Declaration FINAL_APPROVED by SUPERVISOR;06.03.2017-11:41:59;SUPERVISOR
39;Permit SUBMITTED by EMPLOYEE;12.01.2017-17:59:16;EMPLOYEE
39;Permit FINAL_APPROVED by SUPERVISOR;13.01.2017-10:05:33;SUPERVISOR
39;Start trip;15.01.2017-00:00:00;EMPLOYEE
39;End trip;19.01.2017-00:00:00;EMPLOYEE
39;Declaration SUBMITTED by EMPLOYEE;10.02.2017-17:21:20;EMPLOYEE
39;Declaration FINAL_APPROVED by SUPERVISOR;16.02.2017-13:21:40;SUPERVISOR
40;Permit SUBMITTED by EMPLOYEE;13.01.2017-12:00:53;EMPLOYEE
40;Permit FINAL_APPROVED by SUPERVISOR;13.01.2017-12:01:24;SUPERVISOR
40;Start trip;15.01.2017-00:00:00;EMPLOYEE
40;End trip;19.01.2017-00:00:00;EMPLOYEE
40;Declaration SUBMITTED by EMPLOYEE;02.02.2017-11:59:47;EMPLOYEE
40;Declaration FINAL_APPROVED by SUPERVISOR;02.02.2017-12:56:37;SUPERVISOR
41;Permit SUBMITTED by EMPLOYEE;13.01.2017-12:33:19;EMPLOYEE
41;Permit FINAL_APPROVED by SUPERVISOR;13.01.2017-12:33:22;SUPERVISOR
41;Start trip;15.01.2017-00:00:00;EMPLOYEE
41;End trip;20.01.2017-00:00:00;EMPLOYEE
41;Declaration SUBMITTED by EMPLOYEE;25.01.2017-13:06:19;EMPLOYEE
41;Declaration FINAL_APPROVED by SUPERVISOR;25.01.2017-13:19:34;SUPERVISOR
42;Permit SUBMITTED by EMPLOYEE;13.01.2017-13:01:23;EMPLOYEE
42;Permit FINAL_APPROVED by SUPERVISOR;13.01.2017-13:02:00;SUPERVISOR
42;Start trip;16.01.2017-00:00:00;EMPLOYEE
42;End trip;20.01.2017-00:00:00;EMPLOYEE
42;Declaration SUBMITTED by EMPLOYEE;03.02.2017-15:16:28;EMPLOYEE
42;Declaration APPROVED by PRE_APPROVER;03.02.2017-15:40:44;PRE_APPROVER
42;Declaration FINAL_APPROVED by SUPERVISOR;06.02.2017-09:32:39;SUPERVISOR
43;Permit SUBMITTED by EMPLOYEE;13.01.2017-14:43:12;EMPLOYEE
43;Permit FINAL_APPROVED by SUPERVISOR;13.01.2017-14:43:21;SUPERVISOR
43;Start trip;15.02.2017-00:00:00;EMPLOYEE
43;End trip;15.02.2017-00:00:00;EMPLOYEE
43;Permit REJECTED by MISSING;08.05.2017-16:24:20;MISSING
44;Permit SUBMITTED by EMPLOYEE;13.01.2017-14:52:03;EMPLOYEE
44;Permit FINAL_APPROVED by SUPERVISOR;13.01.2017-14:52:07;SUPERVISOR
44;Start trip;19.03.2017-00:00:00;EMPLOYEE
44;End trip;22.03.2017-00:00:00;EMPLOYEE
44;Declaration SUBMITTED by EMPLOYEE;28.03.2017-10:45:30;EMPLOYEE
44;Declaration APPROVED by PRE_APPROVER;28.03.2017-11:13:03;PRE_APPROVER
44;Declaration FINAL_APPROVED by SUPERVISOR;31.03.2017-16:33:13;SUPERVISOR
45;Permit SUBMITTED by EMPLOYEE;13.01.2017-14:53:34;EMPLOYEE
45;Permit APPROVED by SUPERVISOR;13.01.2017-14:53:39;SUPERVISOR
45;Start trip;15.01.2017-00:00:00;EMPLOYEE
45;End trip;20.01.2017-00:00:00;EMPLOYEE
45;Permit FINAL_APPROVED by DIRECTOR;24.01.2017-10:34:12;DIRECTOR
45;Declaration SUBMITTED by EMPLOYEE;21.03.2017-18:27:45;EMPLOYEE
45;Declaration FINAL_APPROVED by SUPERVISOR;21.03.2017-18:32:04;SUPERVISOR
46;Permit SUBMITTED by EMPLOYEE;13.01.2017-15:15:30;EMPLOYEE
46;Permit FINAL_APPROVED by SUPERVISOR;13.01.2017-15:15:43;SUPERVISOR
46;Start trip;01.04.2017-00:00:00;EMPLOYEE
46;End trip;06.04.2017-00:00:00;EMPLOYEE
46;Declaration SUBMITTED by EMPLOYEE;07.04.2017-11:21:41;EMPLOYEE
46;Declaration APPROVED by PRE_APPROVER;10.04.2017-10:13:51;PRE_APPROVER
46;Declaration FINAL_APPROVED by SUPERVISOR;17.04.2017-05:15:02;SUPERVISOR
47;Permit SUBMITTED by EMPLOYEE;13.01.2017-15:34:35;EMPLOYEE
47;Permit FINAL_APPROVED by SUPERVISOR;16.01.2017-15:17:16;SUPERVISOR
47;Start trip;02.07.2017-00:00:00;EMPLOYEE
47;End trip;06.07.2017-00:00:00;EMPLOYEE
47;Declaration SUBMITTED by EMPLOYEE;08.07.2017-18:29:01;EMPLOYEE
47;Declaration APPROVED by PRE_APPROVER;08.07.2017-18:44:41;PRE_APPROVER
47;Declaration FINAL_APPROVED by SUPERVISOR;12.07.2017-16:29:30;SUPERVISOR
48;Permit SUBMITTED by EMPLOYEE;13.01.2017-18:32:17;EMPLOYEE
48;Permit FINAL_APPROVED by SUPERVISOR;13.01.2017-18:32:32;SUPERVISOR
48;Start trip;15.01.2017-00:00:00;EMPLOYEE
48;End trip;21.01.2017-00:00:00;EMPLOYEE
48;Declaration SUBMITTED by EMPLOYEE;23.02.2017-21:27:13;EMPLOYEE
48;Declaration FINAL_APPROVED by SUPERVISOR;23.02.2017-21:27:22;SUPERVISOR
49;Permit SUBMITTED by EMPLOYEE;13.01.2017-18:35:04;EMPLOYEE
49;Permit FINAL_APPROVED by SUPERVISOR;13.01.2017-18:35:11;SUPERVISOR
49;Start trip;15.01.2017-00:00:00;EMPLOYEE
49;End trip;21.01.2017-00:00:00;EMPLOYEE
49;Declaration SUBMITTED by EMPLOYEE;23.02.2017-21:28:55;EMPLOYEE
49;Declaration FINAL_APPROVED by SUPERVISOR;23.02.2017-21:29:04;SUPERVISOR
50;Start trip;15.01.2017-00:00:00;EMPLOYEE
50;End trip;20.01.2017-00:00:00;EMPLOYEE
50;Permit SUBMITTED by EMPLOYEE;23.01.2017-17:52:21;EMPLOYEE
50;Permit FINAL_APPROVED by SUPERVISOR;23.01.2017-17:52:24;SUPERVISOR
50;Declaration SUBMITTED by EMPLOYEE;27.01.2017-12:44:29;EMPLOYEE
50;Declaration FINAL_APPROVED by SUPERVISOR;27.01.2017-12:44:33;SUPERVISOR
51;Start trip;15.01.2017-00:00:00;EMPLOYEE
51;End trip;20.01.2017-00:00:00;EMPLOYEE
51;Permit SUBMITTED by EMPLOYEE;30.01.2017-10:54:51;EMPLOYEE
51;Permit FINAL_APPROVED by SUPERVISOR;30.01.2017-13:52:09;SUPERVISOR
51;Declaration SUBMITTED by EMPLOYEE;09.02.2017-09:10:54;EMPLOYEE
51;Declaration FINAL_APPROVED by SUPERVISOR;09.02.2017-11:49:20;SUPERVISOR
52;Start trip;16.01.2017-00:00:00;EMPLOYEE
52;End trip;20.01.2017-00:00:00;EMPLOYEE
52;Permit SUBMITTED by EMPLOYEE;24.01.2017-11:06:41;EMPLOYEE
52;Permit FINAL_APPROVED by SUPERVISOR;24.01.2017-11:32:59;SUPERVISOR
52;Permit REJECTED by MISSING;27.01.2017-11:04:58;MISSING
53;Permit SUBMITTED by EMPLOYEE;16.01.2017-09:17:48;EMPLOYEE
53;Permit FINAL_APPROVED by SUPERVISOR;16.01.2017-09:17:53;SUPERVISOR
53;Start trip;30.01.2017-00:00:00;EMPLOYEE
53;End trip;01.02.2017-00:00:00;EMPLOYEE
53;Declaration SUBMITTED by EMPLOYEE;02.05.2017-08:28:50;EMPLOYEE
53;Declaration FINAL_APPROVED by SUPERVISOR;02.05.2017-08:38:31;SUPERVISOR
54;Permit SUBMITTED by EMPLOYEE;16.01.2017-11:30:26;EMPLOYEE
54;Permit FINAL_APPROVED by SUPERVISOR;16.01.2017-11:30:32;SUPERVISOR
54;Start trip;22.02.2017-00:00:00;EMPLOYEE
54;End trip;23.02.2017-00:00:00;EMPLOYEE
54;Declaration SUBMITTED by EMPLOYEE;23.02.2017-16:21:15;EMPLOYEE
54;Declaration FINAL_APPROVED by SUPERVISOR;23.02.2017-16:21:27;SUPERVISOR
55;Permit SUBMITTED by EMPLOYEE;16.01.2017-13:11:52;EMPLOYEE
55;Permit FINAL_APPROVED by SUPERVISOR;16.01.2017-13:11:57;SUPERVISOR
55;Start trip;13.02.2017-00:00:00;EMPLOYEE
55;End trip;18.02.2017-00:00:00;EMPLOYEE
56;Permit SUBMITTED by EMPLOYEE;16.01.2017-13:22:51;EMPLOYEE
56;Permit FINAL_APPROVED by SUPERVISOR;16.01.2017-13:22:54;SUPERVISOR
56;Start trip;07.02.2017-00:00:00;EMPLOYEE
56;End trip;08.02.2017-00:00:00;EMPLOYEE
56;Permit REJECTED by MISSING;08.05.2017-16:26:01;MISSING
57;Permit SUBMITTED by EMPLOYEE;16.01.2017-16:08:32;EMPLOYEE
57;Permit FINAL_APPROVED by SUPERVISOR;16.01.2017-16:08:37;SUPERVISOR
57;Start trip;11.03.2017-00:00:00;EMPLOYEE
57;End trip;19.03.2017-00:00:00;EMPLOYEE
57;Declaration SUBMITTED by EMPLOYEE;12.04.2017-14:44:30;EMPLOYEE
57;Declaration FINAL_APPROVED by SUPERVISOR;12.04.2017-14:57:04;SUPERVISOR
58;Permit SUBMITTED by EMPLOYEE;17.01.2017-10:24:51;EMPLOYEE
58;Permit APPROVED by SUPERVISOR;17.01.2017-10:25:19;SUPERVISOR
58;Permit FINAL_APPROVED by DIRECTOR;17.01.2017-13:17:01;DIRECTOR
58;Request For Payment SUBMITTED by EMPLOYEE;27.03.2017-17:20:34;EMPLOYEE
58;Request For Payment APPROVED by PRE_APPROVER;27.03.2017-17:21:31;PRE_APPROVER
58;Request For Payment FINAL_APPROVED by SUPERVISOR;28.03.2017-10:00:22;SUPERVISOR
58;Start trip;31.03.2017-00:00:00;EMPLOYEE
58;End trip;16.04.2017-00:00:00;EMPLOYEE
58;Declaration SUBMITTED by EMPLOYEE;18.04.2017-16:49:17;EMPLOYEE
58;Declaration REJECTED by PRE_APPROVER;11.05.2017-14:07:30;PRE_APPROVER
58;Declaration REJECTED by EMPLOYEE;11.05.2017-14:35:08;EMPLOYEE
58;Declaration SUBMITTED by EMPLOYEE;11.05.2017-14:41:58;EMPLOYEE
58;Declaration APPROVED by PRE_APPROVER;11.05.2017-14:42:01;PRE_APPROVER
58;Declaration FINAL_APPROVED by SUPERVISOR;11.05.2017-14:51:44;SUPERVISOR
59;Permit SUBMITTED by EMPLOYEE;17.01.2017-14:06:20;EMPLOYEE
59;Permit APPROVED by SUPERVISOR;17.01.2017-14:06:25;SUPERVISOR
59;Permit FINAL_APPROVED by DIRECTOR;18.01.2017-18:57:55;DIRECTOR
59;Start trip;27.02.2017-00:00:00;EMPLOYEE
59;End trip;10.03.2017-00:00:00;EMPLOYEE
59;Permit REJECTED by MISSING;24.04.2017-13:00:55;MISSING
60;Permit SUBMITTED by EMPLOYEE;17.01.2017-16:49:47;EMPLOYEE
60;Permit APPROVED by PRE_APPROVER;17.01.2017-16:49:50;PRE_APPROVER
60;Permit FINAL_APPROVED by SUPERVISOR;19.01.2017-12:23:02;SUPERVISOR
60;Start trip;23.01.2017-00:00:00;EMPLOYEE
60;End trip;25.01.2017-00:00:00;EMPLOYEE
60;Declaration SUBMITTED by EMPLOYEE;25.01.2017-16:07:56;EMPLOYEE
60;Declaration APPROVED by PRE_APPROVER;25.01.2017-16:14:14;PRE_APPROVER
60;Declaration FINAL_APPROVED by SUPERVISOR;27.01.2017-09:00:26;SUPERVISOR
61;Permit SUBMITTED by EMPLOYEE;17.01.2017-22:30:21;EMPLOYEE
61;Permit APPROVED by PRE_APPROVER;17.01.2017-22:30:24;PRE_APPROVER
61;Permit FINAL_APPROVED by SUPERVISOR;19.01.2017-11:15:25;SUPERVISOR
61;Start trip;18.04.2017-00:00:00;EMPLOYEE
61;End trip;20.04.2017-00:00:00;EMPLOYEE
61;Declaration SUBMITTED by EMPLOYEE;21.04.2017-20:39:09;EMPLOYEE
61;Declaration APPROVED by PRE_APPROVER;21.04.2017-20:39:19;PRE_APPROVER
61;Declaration FINAL_APPROVED by SUPERVISOR;24.04.2017-10:59:25;SUPERVISOR
62;Permit SUBMITTED by EMPLOYEE;17.01.2017-22:57:35;EMPLOYEE
62;Permit APPROVED by PRE_APPROVER;17.01.2017-22:57:37;PRE_APPROVER
62;Permit FINAL_APPROVED by SUPERVISOR;19.01.2017-11:15:55;SUPERVISOR
62;Start trip;08.07.2017-00:00:00;EMPLOYEE
62;End trip;14.07.2017-00:00:00;EMPLOYEE
63;Permit SUBMITTED by EMPLOYEE;18.01.2017-09:07:33;EMPLOYEE
63;Permit APPROVED by PRE_APPROVER;18.01.2017-09:07:39;PRE_APPROVER
63;Permit FINAL_APPROVED by SUPERVISOR;19.01.2017-09:09:52;SUPERVISOR
63;Permit REJECTED by MISSING;19.01.2017-14:13:09;MISSING
63;Start trip;21.03.2017-00:00:00;EMPLOYEE
63;End trip;24.03.2017-00:00:00;EMPLOYEE
64;Permit SUBMITTED by EMPLOYEE;18.01.2017-09:10:46;EMPLOYEE
64;Permit FINAL_APPROVED by SUPERVISOR;18.01.2017-09:10:58;SUPERVISOR
64;Start trip;26.01.2017-00:00:00;EMPLOYEE
64;End trip;26.01.2017-00:00:00;EMPLOYEE
64;Declaration SUBMITTED by EMPLOYEE;27.01.2017-13:54:50;EMPLOYEE
64;Declaration FINAL_APPROVED by SUPERVISOR;27.01.2017-13:55:13;SUPERVISOR
65;Permit SAVED by EMPLOYEE;18.01.2017-09:41:32;EMPLOYEE
65;Start trip;25.02.2017-00:00:00;EMPLOYEE
65;End trip;03.03.2017-00:00:00;EMPLOYEE
66;Permit SUBMITTED by EMPLOYEE;18.01.2017-09:43:59;EMPLOYEE
66;Permit FINAL_APPROVED by SUPERVISOR;18.01.2017-09:44:04;SUPERVISOR
66;Start trip;25.01.2017-00:00:00;EMPLOYEE
66;End trip;26.01.2017-00:00:00;EMPLOYEE
66;Declaration SUBMITTED by EMPLOYEE;08.02.2017-10:58:31;EMPLOYEE
66;Declaration FINAL_APPROVED by SUPERVISOR;08.02.2017-10:58:45;SUPERVISOR
67;Permit SUBMITTED by EMPLOYEE;18.01.2017-10:50:19;EMPLOYEE
67;Permit APPROVED by PRE_APPROVER;18.01.2017-10:50:29;PRE_APPROVER
67;Permit FINAL_APPROVED by SUPERVISOR;19.01.2017-11:12:21;SUPERVISOR
67;Start trip;08.03.2017-00:00:00;EMPLOYEE
67;End trip;12.03.2017-00:00:00;EMPLOYEE
67;Declaration SUBMITTED by EMPLOYEE;16.03.2017-17:19:20;EMPLOYEE
67;Declaration APPROVED by PRE_APPROVER;16.03.2017-17:30:51;PRE_APPROVER
67;Declaration FINAL_APPROVED by SUPERVISOR;20.03.2017-12:47:30;SUPERVISOR
68;Permit SUBMITTED by EMPLOYEE;18.01.2017-11:36:58;EMPLOYEE
68;Permit APPROVED by PRE_APPROVER;18.01.2017-11:37:02;PRE_APPROVER
68;Permit FINAL_APPROVED by SUPERVISOR;19.01.2017-11:13:08;SUPERVISOR
68;Start trip;25.01.2017-00:00:00;EMPLOYEE
68;End trip;27.01.2017-00:00:00;EMPLOYEE
68;Declaration SUBMITTED by EMPLOYEE;30.01.2017-11:32:03;EMPLOYEE
68;Declaration REJECTED by PRE_APPROVER;30.01.2017-11:43:18;PRE_APPROVER
68;Declaration REJECTED by EMPLOYEE;30.01.2017-12:33:06;EMPLOYEE
68;Declaration SUBMITTED by EMPLOYEE;30.01.2017-14:36:38;EMPLOYEE
68;Declaration APPROVED by PRE_APPROVER;30.01.2017-14:36:50;PRE_APPROVER
68;Declaration FINAL_APPROVED by SUPERVISOR;06.02.2017-05:15:21;SUPERVISOR
69;Permit SUBMITTED by EMPLOYEE;18.01.2017-14:21:48;EMPLOYEE
69;Permit APPROVED by PRE_APPROVER;18.01.2017-14:21:55;PRE_APPROVER
69;Permit FINAL_APPROVED by SUPERVISOR;19.01.2017-11:13:49;SUPERVISOR
69;Start trip;08.03.2017-00:00:00;EMPLOYEE
69;End trip;12.03.2017-00:00:00;EMPLOYEE
69;Declaration SUBMITTED by EMPLOYEE;13.03.2017-11:50:25;EMPLOYEE
69;Declaration APPROVED by PRE_APPROVER;14.03.2017-11:22:16;PRE_APPROVER
69;Declaration FINAL_APPROVED by SUPERVISOR;15.03.2017-11:12:18;SUPERVISOR
70;Permit SUBMITTED by EMPLOYEE;18.01.2017-15:47:17;EMPLOYEE
70;Permit FINAL_APPROVED by SUPERVISOR;09.02.2017-10:58:47;SUPERVISOR
70;Start trip;26.03.2017-00:00:00;EMPLOYEE
70;End trip;05.04.2017-00:00:00;EMPLOYEE
70;Declaration SUBMITTED by EMPLOYEE;29.08.2017-12:24:01;EMPLOYEE
70;Declaration APPROVED by PRE_APPROVER;30.08.2017-10:53:20;PRE_APPROVER
70;Declaration FINAL_APPROVED by SUPERVISOR;04.09.2017-16:18:16;SUPERVISOR
71;Permit SUBMITTED by EMPLOYEE;18.01.2017-18:19:06;EMPLOYEE
71;Permit APPROVED by PRE_APPROVER;18.01.2017-18:19:11;PRE_APPROVER
71;Permit FINAL_APPROVED by SUPERVISOR;19.01.2017-09:09:38;SUPERVISOR
71;Start trip;21.03.2017-00:00:00;EMPLOYEE
71;End trip;24.03.2017-00:00:00;EMPLOYEE
71;Declaration SUBMITTED by EMPLOYEE;31.03.2017-11:29:19;EMPLOYEE
71;Declaration APPROVED by PRE_APPROVER;31.03.2017-11:29:30;PRE_APPROVER
71;Declaration FINAL_APPROVED by SUPERVISOR;31.03.2017-12:04:19;SUPERVISOR
72;Permit SUBMITTED by EMPLOYEE;18.01.2017-20:59:18;EMPLOYEE
72;Permit FINAL_APPROVED by SUPERVISOR;18.01.2017-20:59:28;SUPERVISOR
72;Request For Payment SUBMITTED by EMPLOYEE;19.01.2017-20:35:15;EMPLOYEE
72;Request For Payment FINAL_APPROVED by SUPERVISOR;19.01.2017-20:37:34;SUPERVISOR
72;Start trip;21.02.2017-00:00:00;EMPLOYEE
72;End trip;24.02.2017-00:00:00;EMPLOYEE
72;Declaration SUBMITTED by EMPLOYEE;27.02.2017-08:06:00;EMPLOYEE
72;Declaration FINAL_APPROVED by SUPERVISOR;27.02.2017-08:06:10;SUPERVISOR
73;Permit SUBMITTED by EMPLOYEE;18.01.2017-22:32:21;EMPLOYEE
73;Permit FINAL_APPROVED by SUPERVISOR;18.01.2017-22:32:35;SUPERVISOR
73;Request For Payment SUBMITTED by EMPLOYEE;20.01.2017-19:49:01;EMPLOYEE
73;Request For Payment FINAL_APPROVED by SUPERVISOR;20.01.2017-19:49:18;SUPERVISOR
73;Start trip;14.04.2017-00:00:00;EMPLOYEE
73;End trip;22.04.2017-00:00:00;EMPLOYEE
73;Declaration SUBMITTED by EMPLOYEE;23.04.2017-18:46:22;EMPLOYEE
73;Declaration FINAL_APPROVED by SUPERVISOR;04.05.2017-10:51:59;SUPERVISOR
74;Permit SUBMITTED by EMPLOYEE;19.01.2017-09:15:35;EMPLOYEE
74;Permit FINAL_APPROVED by SUPERVISOR;19.01.2017-09:15:40;SUPERVISOR
74;Start trip;21.03.2017-00:00:00;EMPLOYEE
74;End trip;24.03.2017-00:00:00;EMPLOYEE
74;Declaration SUBMITTED by EMPLOYEE;27.03.2017-10:35:50;EMPLOYEE
74;Declaration APPROVED by PRE_APPROVER;27.03.2017-10:36:07;PRE_APPROVER
74;Declaration FINAL_APPROVED by SUPERVISOR;28.03.2017-10:01:59;SUPERVISOR
75;Permit SUBMITTED by EMPLOYEE;19.01.2017-09:25:19;EMPLOYEE
75;Permit APPROVED by PRE_APPROVER;19.01.2017-09:25:23;PRE_APPROVER
75;Permit FINAL_APPROVED by SUPERVISOR;19.01.2017-11:14:55;SUPERVISOR
75;Start trip;08.03.2017-00:00:00;EMPLOYEE
75;End trip;10.03.2017-00:00:00;EMPLOYEE
75;Permit REJECTED by MISSING;08.05.2017-16:29:00;MISSING
76;Permit SUBMITTED by EMPLOYEE;19.01.2017-10:59:16;EMPLOYEE
76;Permit APPROVED by PRE_APPROVER;19.01.2017-10:59:25;PRE_APPROVER
76;Permit FINAL_APPROVED by SUPERVISOR;19.01.2017-11:50:41;SUPERVISOR
76;Start trip;21.03.2017-00:00:00;EMPLOYEE
76;End trip;24.03.2017-00:00:00;EMPLOYEE
76;Declaration SUBMITTED by EMPLOYEE;30.03.2017-09:41:14;EMPLOYEE
76;Declaration APPROVED by PRE_APPROVER;30.03.2017-09:41:28;PRE_APPROVER
76;Declaration FINAL_APPROVED by SUPERVISOR;31.03.2017-10:49:00;SUPERVISOR
77;Permit SUBMITTED by EMPLOYEE;19.01.2017-11:12:51;EMPLOYEE
77;Permit APPROVED by PRE_APPROVER;19.01.2017-11:12:52;PRE_APPROVER
77;Permit FINAL_APPROVED by SUPERVISOR;19.01.2017-11:14:32;SUPERVISOR
77;Start trip;07.03.2017-00:00:00;EMPLOYEE
77;End trip;12.03.2017-00:00:00;EMPLOYEE
77;Declaration SUBMITTED by EMPLOYEE;13.03.2017-17:25:19;EMPLOYEE
77;Declaration APPROVED by PRE_APPROVER;13.03.2017-17:25:24;PRE_APPROVER
77;Declaration FINAL_APPROVED by SUPERVISOR;15.03.2017-11:11:44;SUPERVISOR
78;Permit SUBMITTED by EMPLOYEE;19.01.2017-11:13:14;EMPLOYEE
78;Permit APPROVED by PRE_APPROVER;19.01.2017-11:13:22;PRE_APPROVER
78;Permit FINAL_APPROVED by SUPERVISOR;19.01.2017-11:14:06;SUPERVISOR
78;Start trip;08.03.2017-00:00:00;EMPLOYEE
78;End trip;12.03.2017-00:00:00;EMPLOYEE
78;Declaration SUBMITTED by EMPLOYEE;13.03.2017-17:44:55;EMPLOYEE
78;Declaration APPROVED by PRE_APPROVER;13.03.2017-17:45:04;PRE_APPROVER
78;Declaration FINAL_APPROVED by SUPERVISOR;15.03.2017-11:10:23;SUPERVISOR
79;Permit SUBMITTED by EMPLOYEE;19.01.2017-11:29:29;EMPLOYEE
79;Permit FINAL_APPROVED by SUPERVISOR;19.01.2017-11:29:34;SUPERVISOR
79;Start trip;01.02.2017-00:00:00;EMPLOYEE
79;End trip;25.02.2017-00:00:00;EMPLOYEE
79;Declaration SUBMITTED by EMPLOYEE;10.03.2017-11:35:31;EMPLOYEE
79;Declaration FINAL_APPROVED by SUPERVISOR;10.03.2017-11:53:12;SUPERVISOR
80;Permit SUBMITTED by EMPLOYEE;19.01.2017-13:33:36;EMPLOYEE
80;Permit FINAL_APPROVED by SUPERVISOR;19.01.2017-13:33:38;SUPERVISOR
80;Request For Payment SUBMITTED by EMPLOYEE;06.03.2017-16:20:35;EMPLOYEE
80;Request For Payment APPROVED by PRE_APPROVER;06.03.2017-16:21:33;PRE_APPROVER
80;Request For Payment FINAL_APPROVED by SUPERVISOR;06.03.2017-16:29:18;SUPERVISOR
80;Start trip;12.03.2017-00:00:00;EMPLOYEE
80;End trip;18.03.2017-00:00:00;EMPLOYEE
80;Declaration SUBMITTED by EMPLOYEE;18.05.2017-15:05:19;EMPLOYEE
80;Declaration FINAL_APPROVED by SUPERVISOR;18.05.2017-15:05:42;SUPERVISOR
81;Permit SUBMITTED by EMPLOYEE;20.01.2017-07:41:56;EMPLOYEE
81;Permit APPROVED by PRE_APPROVER;20.01.2017-07:41:59;PRE_APPROVER
81;Permit FINAL_APPROVED by SUPERVISOR;23.01.2017-12:19:03;SUPERVISOR
81;Start trip;04.02.2017-00:00:00;EMPLOYEE
81;End trip;14.02.2017-00:00:00;EMPLOYEE
81;Declaration SUBMITTED by EMPLOYEE;15.02.2017-08:36:51;EMPLOYEE
81;Declaration REJECTED by PRE_APPROVER;15.02.2017-08:49:18;PRE_APPROVER
81;Declaration REJECTED by EMPLOYEE;15.02.2017-10:02:57;EMPLOYEE
81;Declaration SUBMITTED by EMPLOYEE;15.02.2017-10:19:14;EMPLOYEE
81;Declaration APPROVED by PRE_APPROVER;15.02.2017-10:19:22;PRE_APPROVER
81;Declaration FINAL_APPROVED by SUPERVISOR;16.02.2017-10:07:26;SUPERVISOR
82;Permit SUBMITTED by EMPLOYEE;20.01.2017-08:19:48;EMPLOYEE
82;Permit FINAL_APPROVED by SUPERVISOR;20.01.2017-08:19:52;SUPERVISOR
82;Request For Payment SUBMITTED by EMPLOYEE;03.02.2017-15:32:54;EMPLOYEE
82;Request For Payment FINAL_APPROVED by SUPERVISOR;03.02.2017-15:44:07;SUPERVISOR
82;Start trip;24.05.2017-00:00:00;EMPLOYEE
82;End trip;27.05.2017-00:00:00;EMPLOYEE
82;Declaration SUBMITTED by EMPLOYEE;31.05.2017-12:25:57;EMPLOYEE
82;Declaration APPROVED by PRE_APPROVER;31.05.2017-12:26:01;PRE_APPROVER
82;Declaration FINAL_APPROVED by SUPERVISOR;01.06.2017-14:21:51;SUPERVISOR
83;Start trip;23.01.2017-00:00:00;EMPLOYEE
83;End trip;27.02.2017-00:00:00;EMPLOYEE
83;Permit SUBMITTED by EMPLOYEE;04.05.2017-16:04:24;EMPLOYEE
83;Permit REJECTED by PRE_APPROVER;04.05.2017-16:04:34;PRE_APPROVER
83;Permit REJECTED by EMPLOYEE;09.05.2017-14:51:06;EMPLOYEE
83;Permit SUBMITTED by EMPLOYEE;09.05.2017-14:54:20;EMPLOYEE
83;Permit APPROVED by PRE_APPROVER;09.05.2017-14:56:03;PRE_APPROVER
83;Permit FINAL_APPROVED by SUPERVISOR;09.05.2017-15:03:36;SUPERVISOR
83;Declaration SUBMITTED by EMPLOYEE;17.05.2017-14:14:27;EMPLOYEE
83;Declaration REJECTED by PRE_APPROVER;17.05.2017-14:45:06;PRE_APPROVER
83;Declaration REJECTED by EMPLOYEE;17.05.2017-15:11:50;EMPLOYEE
83;Declaration SUBMITTED by EMPLOYEE;17.05.2017-15:18:00;EMPLOYEE
83;Declaration APPROVED by PRE_APPROVER;17.05.2017-15:19:27;PRE_APPROVER
83;Declaration FINAL_APPROVED by SUPERVISOR;17.05.2017-16:26:07;SUPERVISOR
84;Permit SUBMITTED by EMPLOYEE;23.01.2017-09:03:32;EMPLOYEE
84;Permit APPROVED by PRE_APPROVER;23.01.2017-09:03:42;PRE_APPROVER
84;Permit FINAL_APPROVED by SUPERVISOR;23.01.2017-09:54:33;SUPERVISOR
84;Start trip;08.03.2017-00:00:00;EMPLOYEE
84;End trip;12.03.2017-00:00:00;EMPLOYEE
84;Declaration SUBMITTED by EMPLOYEE;14.03.2017-08:17:14;EMPLOYEE
84;Declaration APPROVED by PRE_APPROVER;14.03.2017-08:18:07;PRE_APPROVER
84;Declaration FINAL_APPROVED by SUPERVISOR;15.03.2017-11:09:31;SUPERVISOR
85;Permit SUBMITTED by EMPLOYEE;23.01.2017-09:34:54;EMPLOYEE
85;Permit APPROVED by PRE_APPROVER;23.01.2017-09:35:00;PRE_APPROVER
85;Permit FINAL_APPROVED by SUPERVISOR;23.01.2017-09:54:18;SUPERVISOR
85;Start trip;31.01.2017-00:00:00;EMPLOYEE
85;End trip;03.02.2017-00:00:00;EMPLOYEE
85;Permit REJECTED by MISSING;08.05.2017-16:29:32;MISSING
86;Permit SUBMITTED by EMPLOYEE;23.01.2017-12:02:51;EMPLOYEE
86;Permit APPROVED by PRE_APPROVER;23.01.2017-12:02:54;PRE_APPROVER
86;Permit FINAL_APPROVED by SUPERVISOR;30.01.2017-05:15:03;SUPERVISOR
86;Start trip;31.01.2017-00:00:00;EMPLOYEE
86;End trip;02.02.2017-00:00:00;EMPLOYEE
86;Declaration SUBMITTED by EMPLOYEE;09.02.2017-12:46:34;EMPLOYEE
86;Declaration APPROVED by PRE_APPROVER;10.02.2017-09:02:57;PRE_APPROVER
86;Declaration FINAL_APPROVED by SUPERVISOR;13.02.2017-12:54:46;SUPERVISOR
87;Permit SUBMITTED by EMPLOYEE;23.01.2017-12:06:58;EMPLOYEE
87;Permit APPROVED by PRE_APPROVER;23.01.2017-12:07:01;PRE_APPROVER
87;Permit FINAL_APPROVED by SUPERVISOR;24.01.2017-13:18:49;SUPERVISOR
87;Start trip;12.04.2017-00:00:00;EMPLOYEE
87;End trip;23.04.2017-00:00:00;EMPLOYEE
87;Declaration SUBMITTED by EMPLOYEE;26.04.2017-15:13:45;EMPLOYEE
87;Declaration APPROVED by PRE_APPROVER;26.04.2017-15:13:54;PRE_APPROVER
87;Declaration FINAL_APPROVED by SUPERVISOR;01.05.2017-09:39:28;SUPERVISOR
88;Permit SUBMITTED by EMPLOYEE;24.01.2017-08:59:44;EMPLOYEE
88;Permit FINAL_APPROVED by SUPERVISOR;24.01.2017-09:02:57;SUPERVISOR
88;Start trip;22.02.2017-00:00:00;EMPLOYEE
88;End trip;23.02.2017-00:00:00;EMPLOYEE
88;Declaration SUBMITTED by EMPLOYEE;27.02.2017-09:43:50;EMPLOYEE
88;Declaration FINAL_APPROVED by SUPERVISOR;27.02.2017-09:47:08;SUPERVISOR
89;Permit SUBMITTED by EMPLOYEE;24.01.2017-09:37:05;EMPLOYEE
89;Permit FINAL_APPROVED by SUPERVISOR;24.01.2017-09:37:08;SUPERVISOR
89;Start trip;05.02.2017-00:00:00;EMPLOYEE
89;End trip;09.02.2017-00:00:00;EMPLOYEE
89;Declaration SUBMITTED by EMPLOYEE;21.02.2017-17:22:26;EMPLOYEE
89;Declaration FINAL_APPROVED by SUPERVISOR;21.02.2017-17:22:36;SUPERVISOR
90;Permit SUBMITTED by EMPLOYEE;24.01.2017-10:09:06;EMPLOYEE
90;Permit FINAL_APPROVED by SUPERVISOR;24.01.2017-10:09:11;SUPERVISOR
90;Start trip;25.04.2017-00:00:00;EMPLOYEE
90;End trip;26.04.2017-00:00:00;EMPLOYEE
90;Declaration SUBMITTED by EMPLOYEE;01.05.2017-12:07:06;EMPLOYEE
90;Declaration FINAL_APPROVED by SUPERVISOR;01.05.2017-12:07:11;SUPERVISOR
91;Permit SUBMITTED by EMPLOYEE;24.01.2017-10:13:15;EMPLOYEE
91;Permit FINAL_APPROVED by SUPERVISOR;24.01.2017-10:13:33;SUPERVISOR
91;Start trip;16.07.2017-00:00:00;EMPLOYEE
91;End trip;22.07.2017-00:00:00;EMPLOYEE
91;Declaration SUBMITTED by EMPLOYEE;23.07.2017-18:01:52;EMPLOYEE
91;Declaration FINAL_APPROVED by SUPERVISOR;23.07.2017-18:02:10;SUPERVISOR
92;Permit SUBMITTED by EMPLOYEE;24.01.2017-11:15:56;EMPLOYEE
92;Permit FINAL_APPROVED by SUPERVISOR;24.01.2017-11:15:58;SUPERVISOR
92;Request For Payment SUBMITTED by EMPLOYEE;31.01.2017-10:46:42;EMPLOYEE
92;Request For Payment FINAL_APPROVED by SUPERVISOR;31.01.2017-10:46:49;SUPERVISOR
92;Start trip;09.02.2017-00:00:00;EMPLOYEE
92;End trip;17.02.2017-00:00:00;EMPLOYEE
92;Declaration SUBMITTED by EMPLOYEE;21.02.2017-17:41:24;EMPLOYEE
92;Declaration FINAL_APPROVED by SUPERVISOR;21.02.2017-17:41:29;SUPERVISOR
93;Permit SUBMITTED by EMPLOYEE;24.01.2017-12:23:57;EMPLOYEE
93;Permit FINAL_APPROVED by SUPERVISOR;24.01.2017-12:24:01;SUPERVISOR
93;Start trip;25.01.2017-00:00:00;EMPLOYEE
93;End trip;25.01.2017-00:00:00;EMPLOYEE
93;Declaration SUBMITTED by EMPLOYEE;30.01.2017-11:02:30;EMPLOYEE
93;Declaration FINAL_APPROVED by SUPERVISOR;30.01.2017-11:08:59;SUPERVISOR
94;Permit SUBMITTED by EMPLOYEE;24.01.2017-12:56:49;EMPLOYEE
94;Permit APPROVED by SUPERVISOR;24.01.2017-12:57:12;SUPERVISOR
94;Start trip;05.02.2017-00:00:00;EMPLOYEE
94;End trip;03.03.2017-00:00:00;EMPLOYEE
94;Permit FINAL_APPROVED by DIRECTOR;13.03.2017-15:38:05;DIRECTOR
94;Declaration SUBMITTED by EMPLOYEE;22.03.2017-15:43:00;EMPLOYEE
94;Declaration FINAL_APPROVED by SUPERVISOR;22.03.2017-16:21:00;SUPERVISOR
95;Permit SUBMITTED by EMPLOYEE;24.01.2017-16:48:44;EMPLOYEE
95;Permit FINAL_APPROVED by SUPERVISOR;24.01.2017-16:48:48;SUPERVISOR
95;Request For Payment SUBMITTED by EMPLOYEE;25.01.2017-12:25:01;EMPLOYEE
95;Request For Payment FINAL_APPROVED by SUPERVISOR;08.02.2017-18:30:09;SUPERVISOR
95;Start trip;20.02.2017-00:00:00;EMPLOYEE
95;End trip;21.02.2017-00:00:00;EMPLOYEE
95;Declaration SUBMITTED by EMPLOYEE;24.02.2017-11:58:20;EMPLOYEE
95;Declaration FINAL_APPROVED by SUPERVISOR;24.02.2017-11:58:25;SUPERVISOR
96;Permit SUBMITTED by EMPLOYEE;25.01.2017-12:13:13;EMPLOYEE
96;Permit FINAL_APPROVED by SUPERVISOR;25.01.2017-12:14:57;SUPERVISOR
96;Start trip;26.02.2017-00:00:00;EMPLOYEE
96;End trip;04.03.2017-00:00:00;EMPLOYEE
96;Permit REJECTED by MISSING;08.05.2017-16:30:19;MISSING
97;Start trip;26.01.2017-00:00:00;EMPLOYEE
97;Permit SUBMITTED by EMPLOYEE;27.01.2017-20:58:18;EMPLOYEE
97;Permit FINAL_APPROVED by SUPERVISOR;27.01.2017-20:58:22;SUPERVISOR
97;End trip;06.02.2017-00:00:00;EMPLOYEE
97;Declaration SUBMITTED by EMPLOYEE;20.02.2017-21:08:03;EMPLOYEE
97;Declaration FINAL_APPROVED by SUPERVISOR;20.02.2017-21:08:15;SUPERVISOR
98;Permit SUBMITTED by EMPLOYEE;26.01.2017-11:39:35;EMPLOYEE
98;Permit FINAL_APPROVED by SUPERVISOR;26.01.2017-11:40:52;SUPERVISOR
98;Start trip;31.01.2017-00:00:00;EMPLOYEE
98;End trip;01.02.2017-00:00:00;EMPLOYEE
98;Declaration SUBMITTED by EMPLOYEE;06.02.2017-11:02:20;EMPLOYEE
98;Declaration FINAL_APPROVED by SUPERVISOR;06.02.2017-11:02:22;SUPERVISOR
99;Permit SUBMITTED by EMPLOYEE;26.01.2017-12:25:46;EMPLOYEE
99;Permit APPROVED by SUPERVISOR;26.01.2017-12:25:56;SUPERVISOR
99;Permit FINAL_APPROVED by DIRECTOR;31.01.2017-14:55:51;DIRECTOR
99;Start trip;23.09.2017-00:00:00;EMPLOYEE
99;End trip;30.09.2017-00:00:00;EMPLOYEE
99;Declaration SUBMITTED by EMPLOYEE;04.10.2017-11:36:37;EMPLOYEE
99;Declaration REJECTED by PRE_APPROVER;04.10.2017-11:44:58;PRE_APPROVER
99;Declaration REJECTED by EMPLOYEE;04.10.2017-14:15:44;EMPLOYEE
99;Declaration SUBMITTED by EMPLOYEE;04.10.2017-17:02:21;EMPLOYEE
99;Declaration APPROVED by PRE_APPROVER;04.10.2017-17:07:58;PRE_APPROVER
99;Declaration FINAL_APPROVED by SUPERVISOR;05.10.2017-08:54:24;SUPERVISOR
100;Permit SUBMITTED by EMPLOYEE;26.01.2017-18:45:46;EMPLOYEE
100;Permit APPROVED by SUPERVISOR;26.01.2017-18:45:51;SUPERVISOR
100;Permit FINAL_APPROVED by DIRECTOR;02.02.2017-15:31:08;DIRECTOR
100;Start trip;01.07.2017-00:00:00;EMPLOYEE
100;End trip;23.07.2017-00:00:00;EMPLOYEE
100;Declaration SUBMITTED by EMPLOYEE;14.08.2017-13:29:42;EMPLOYEE
100;Declaration FINAL_APPROVED by SUPERVISOR;18.08.2017-15:25:35;SUPERVISOR
